Year,Population
2011,22.53
2012,22.939999999999998
2013,23.13
2014,23.48
2015,23.82
2016,24.189999999999998
2017,24.6
2018,25.0
2019,25.369999999999997
2020,25.69
2021,25.73
